Homepage,Facebook
http://www.facebook.com/pages/Anita-Berber/105564142987901,[pages/Anita-Berber/105564142987901]
http://www.antjeoeklesund.de/,[pages/THE-SOMNAMBULIST/103078016401445?fref=ts]
http://www.arena-berlin.de,[arenaberlin]
http://www.arena-club.de/,"[arenaclubberlin, alexligalize, ARENABERLIN, facebook, omohns, aisanightwith, behaveberlin, dystopian.berlin]"
http://www.lido-berlin.de/astra,[astraberlin]
http://www.malzfabrik.de/,[malzfabrik]
http://www.babylonberlin.de,[pages/BABYLON/108349439187451?v=wall]
http://www.badehaus-berlin.com/,"[Badehaus.Berlin, DIRTYRAGGASQUAD]"
http://www.arena-berlin.de/badeschiff.aspx?flagtext=Badeschiff,"[BADESCHIFF.ARENA, arenaberlin]"
http://www.ballhausost.de/,[ballhaus.ost]
http://www.bar25.de/,[pages/BAR25-LABEL/179553801359]
http://www.facebook.com/basement8,[basement8]
http://www.berghain.de,[pages/Berlin/Berghain-Panorama-Bar-OFFICIAL/107891660540]
http://www.betahaus.de,[betahaus]
http://www.bi-nuu.de,[BiNuuBerlin]
http://www.bohannon.de,[thexumerris]
http://www.brunnen70.de/,[brunnen70]
http://www.bside-bar.de/,"[Bsideberlin, bsidebar.berlin]"
http://www.cassiopeia-berlin.de,[cassiopeiaclub]
http://www.c-base.org/,[cbase.raumstation]
http://www.chalet-berlin.de,[pages/Chalet-Club-Official/459455794072647]
http://www.chezjacki.com/,[chezjacki]
http://www.coconut-beatclub.de/,[coconutbeatclub]
http://www.delicious-doughnuts.de,[pages/DeliciousDoughnuts-Berlin/127752870603215]
http://www.facebook.com/diewgberlin,[diewgberlin]
http://www.edelweiss36.com,[edelweiss36]
http://www.else.tv,[elseklub]
http://www.eschschloraque.de/,"[eisentanz, eschschloraque.ruemschruemp., timecoderz, hula.hut.58]"
http://www.eschschloraque.de/,"[eisentanz, eschschloraque.ruemschruemp., timecoderz, hula.hut.58]"
http://www.facebook.com/pages/The-Establishment,[pages/The-Establishment]
http://www.facebook.com/thefablabberlin,[thefablabberlin]
http://www.facebook.com/filmkunst,[filmkunst]
http://www.arena-berlin.de/glashaus.aspx,[arenaberlin]
http://www.gmf-berlin.de,[pages/GMF-Berlin/26091272859]
http://berghain.de/,[pages/Berlin/Berghain-Panorama-Bar-OFFICIAL/107891660540]
http://www.hangar49.de,[carlos.dalelane]
http://www.hebbel-am-ufer.de/,[pages/HAU-Hebbel-am-Ufer/100473756632?ref=hl]
http://www.hebbel-am-ufer.de/,[pages/HAU-Hebbel-am-Ufer/100473756632?ref=hl]
http://www.iconberlin.de,[pages/Berlin-Germany/ICON-berlin/93946603883]
http://www.inselberlin.de/,[inselberlin]
http://www.katerholzig.de/,[pages/katerholzig/118917638190532]
http://www.facebook.com/group.php?gid=275787992698,[group.php?gid=275787992698]
http://www.yorck.de/,[yorck.kinogruppe]
http://www.kr-club.com,[kleinereise]
http://www.lido-berlin.de/,[lidoberlin]
http://www.lining-bar.de,[pages/L-N-G/291388477540034?sk=wall]
http://www.lockemueller.de/,"[LockeMueller, facebook, ZPYZZZ]"
http://www.loftushall.de/,[loftushallberlin]
http://www.luzia.tc,[luziabar]
http://www.maedcheninternat.net/,[Maedcheninternat]
http://www.minimal-berlin.de,[minimal.elektrokneipe]
http://www.multilayerladen.de/,[pages/multilayerladen/188819578341]
http://www.neueberlinerinitiative.de/,[dirk.mitlehner]
http://www.oye-records.com,[oyerecordstore]
http://www.partyobsessedpeople.com,"[thewaltzband, PartyObsessedPeople, HandmadeDjPage]"
http://www.pankeculture.com,"[panke.berlin, pankeberlin]"
http://www.picknickberlin.de,"[iloveengtanz, PicknickBerlinOfficial]"
http://www.facebook.com/pages/Pony-Kleid-Club/175829332472354?sk=info,[pages/Pony-Kleid-Club/175829332472354?sk=info]
http://www.privatclub-berlin.de,[privatclub]
http://www.puro-berlin.de,[puroberlin]
http://www.radialsystem.de,[radialsystem]
http://www.raw-tempel.de,[raw.chicks]
http://www.ritterbutzke.de,[ritterbutzkeberlin]
http://www.roadrunners-paradise.de,[pages/Roadrunners-Rock-Motor-Club/188281757849509]
http://www.volksbuehne-berlin.de/,[pages/Berlin/Volksbuhne-am-Rosa-Luxemburg-Platz/158369564062]
http://www.rummelsburg-berlin.de,[rummelsburg.berlin]
http://www.facebook.com/pages/SKRobinson/231283300257208,[pages/SKRobinson/231283300257208]
http://www.sage-club.de,[pages/Berlin/Rock-at-Sage/180384251003?ref=nf]
http://www.renate.cc/,"[chermonsieur, samofzion, annasteffens123]"
http://www.schoenwetter-berlin.de/,[schoenwetter.berlin]
http://www.schwuz.de,[schwuz]
http://www.shiftberlin.com,"[melodie.schenk, LiberNullBerlin, HumanLevelrecordings, DUVEBerlin, tresorberlin, shiftberlin, facebook, rROXYMORE]"
http://www.so36.de,[Esso36]
http://www.facebook.com/pages/Berlin-Germany/Soju-Bar/125148637521322,[pages/Berlin-Germany/Soju-Bar/125148637521322]
http://www.spindlerklatt.com,[spindlerklattberlin]
http://www.stgeorg-berlin.com,[st.georg.funk]
http://www.staatsoper-berlin.de/,[staatsoper]
http://www.strandgut-berlin.com,[pages/Strandgut-Berlin/115104228527149]
http://www.subland.de,[KatanaAudioDnB]
http://www.suicide-berlin.com,[pages/SuicideCircus-Berlin/123646714361799]
http://www.velodrom.de,[velodrom.berlin]
http://www.volksbuehne-berlin.de/,[pages/Berlin/Volksbuhne-am-Rosa-Luxemburg-Platz/158369564062]
http://www.water-gate.de,[watergate.club]
http://www.week-end-berlin.de,[weekend.club.official]
http://www.what-you-see-is-what-you-get.com/,[pages/WYSIWYG/170758056347494]
http://www.what-club.de/,[whatdisco]
http://www.whitetrashfastfood.com,[whitetrashfastfoodberlin]
http://www.yaam.de,[YAAM.Berlin]
http://www.zurmoebelfabrik.de/,[zurmoebelfabrik]
